{
  "version": "2.0",
  "logging": {
    "fileLoggingMode": "always",
    "logLevel": {
      "default": "Information",
      "Function": "Information",
      "Host.Results": "Information"
    },
    "applicationInsights": {
      "samplingSettings": {
        "isEnabled": true,
        "maxTelemetryItemsPerSecond": 20
      },
      "enableLiveMetrics": true,
      "enableDependencyTracking": true
    }
  },
  "extensionBundle": {
    "id": "Microsoft.Azure.Functions.ExtensionBundle",
    "version": "[4.*, 5.0.0)"
  },
  "managedDependency": {
    "enabled": true
  },
  "functionTimeout": "00:10:00",
  "healthMonitor": {
    "enabled": true,
    "healthCheckInterval": "00:00:10",
    "healthCheckWindow": "00:02:00",
    "healthCheckThreshold": 6,
    "counterThreshold": 0.80
  },
  "retry": {
    "strategy": "fixedDelay",
    "maxRetryCount": 2,
    "delayInterval": "00:00:05"
  }
}
